{
  "name": "Telocoin - The Best Payment Bot",
  "short_name": "Telocoin",
  "description": "",
  "icons": [
    {
      "src": "./_nuxt/icons/telocoin.png",
      "sizes": "64x64",
      "type": "image/png",
      "purpose": "any maskable"
    },
    {
      "src": "./_nuxt/icons/telocoin.png",
      "sizes": "120x120",
      "type": "image/png",
      "purpose": "any maskable"
    },
    {
      "src": "./_nuxt/icons/telocoin.png",
      "sizes": "144x144",
      "type": "image/png",
      "purpose": "any maskable"
    },
    {
      "src": "./_nuxt/icons/telocoin.png",
      "sizes": "152x152",
      "type": "image/png",
      "purpose": "any maskable"
    },
    {
      "src": "./_nuxt/icons/telocoin.png",
      "sizes": "192x192",
      "type": "image/png",
      "purpose": "any maskable"
    },
    {
      "src": "./_nuxt/icons/telocoin.png",
      "sizes": "384x384",
      "type": "image/png",
      "purpose": "any maskable"
    },
    {
      "src": "./_nuxt/icons/telocoin.png",
      "sizes": "512x512",
      "type": "image/png",
      "purpose": "any maskable"
    }
  ],
  "start_url": "/?standalone=true",
  "display": "standalone",
  "background_color": "#ffffff",
  "theme_color": "#78a4fa",
  "lang": "en"
}